Componenets,Products,Amount,,,,,,,,,,,
HB-C-956,No Product,400.00,,,,,,,,,,,
HB-C-504,No Product,750.00,,,,,,,,,,,
HB-O-763,No Product,655.00,,,,,,,,,,,
BB-9108,No Product,4120.00,,,,,,,,,,,
BB-7421,No Product,2901.00,,,,,,,,,,,
BB-8107,No Product,3268.00,,,,,,,,,,,
FB-9873,No Product,3502.00,,,,,,,,,,,
RB-9231,No Product,1957.00,,,,,,,,,,,
CH-0234,No Product,2060.00,,,,,,,,,,,
CS-9183,No Product,2060.00,,,,,,,,,,,
CS-4759,No Product,3202.00,,,,,,,,,,,
CS-6583,No Product,1311.00,,,,,,,,,,,
FD-2342,No Product,2060.00,,,,,,,,,,,
RD-2308,No Product,1751.00,,,,,,,,,,,
FK-9939,No Product,17824.00,,,,,,,,,,,
FK-1639,No Product,13106.00,,,,,,,,,,,
FK-5136,No Product,750.00,,,,,,,,,,,
HS-3479,No Product,663.00,,,,,,,,,,,
HS-0296,No Product,967.00,,,,,,,,,,,
HS-2451,No Product,122.00,,,,,,,,,,,
F-O-94B-38,No Product,2499.00,,,,,,,,,,,
F-O-94B-44,No Product,1021.00,,,,,,,,,,,
F-O-94B-46,No Product,173.00,,,,,,,,,,,
F-O-94S-38,No Product,1245.00,,,,,,,,,,,
F-O-94S-42,No Product,535.00,,,,,,,,,,,
F-O-94S-46,No Product,147.00,,,,,,,,,,,
F-O-21B-40,No Product,385.00,,,,,,,,,,,
PD-C-347,No Product,5788.00,,,,,,,,,,,
PD-O-282,No Product,1496.00,,,,,,,,,,,
FW-O-423,No Product,634.00,,,,,,,,,,,
FW-C-762,No Product,645.00,,,,,,,,,,,
RW-C-762,No Product,756.00,,,,,,,,,,,
FW-O-762,No Product,1002.00,,,,,,,,,,,
